Country,avg_aqi,avg_pm25,avg_no2,avg_ozone,avg_co,avg_stress_index,city_count
Republic of Korea,421.0,415.0,91.0,0.0,27.0,307.9,1
Bahrain,188.0,188.0,3.0,127.0,2.0,144.85,1
Pakistan,178.79,173.11,2.07,89.14,2.07,132.78,307
Kuwait,162.0,162.0,13.67,135.67,2.67,129.15,3
Mauritania,179.0,179.0,0.0,28.5,0.75,128.19,4
United Arab Emirates,163.67,152.67,3.33,159.67,1.33,127.8,3
Qatar,157.5,147.5,1.5,139.0,1.0,121.43,2
Aruba,163.0,163.0,0.0,23.0,0.0,116.4,1
Saudi Arabia,149.29,149.29,0.64,77.07,1.29,112.37,14
India,152.96,149.46,1.97,55.06,1.74,111.91,2488
Senegal,152.42,152.42,1.88,22.0,1.39,109.25,33
Yemen,144.57,144.57,0.71,55.43,1.29,106.91,7
Oman,137.5,134.83,1.83,97.83,1.33,105.57,6
Gambia,147.0,147.0,0.67,24.0,1.0,105.45,9
Guinea-Bissau,138.75,138.75,0.5,26.5,1.25,99.91,4
China,126.95,111.7,7.09,88.32,3.42,94.36,795
Nepal,116.36,116.27,0.79,67.58,2.45,88.43,33
Uzbekistan,119.09,118.09,2.6,47.79,1.03,88.28,58
Kingdom of Eswatini,119.33,119.33,3.33,15.67,4.67,85.83,3
Iraq,114.07,108.07,1.14,69.71,1.21,85.25,14
Tajikistan,115.21,115.21,0.21,44.48,1.0,85.17,29
Bangladesh,113.46,112.79,3.04,46.2,2.44,84.42,80
Democratic Republic of the Congo,114.81,114.27,1.93,27.14,5.29,83.47,70
South Africa,113.04,113.04,6.67,16.67,5.38,82.06,174
Iran (Islamic Republic of),108.3,105.23,0.66,61.75,1.15,81.22,179
Dominican Republic,108.08,108.08,6.97,17.63,1.82,78.56,38
Turkmenistan,104.72,104.72,0.33,42.67,1.0,77.67,18
Libya,105.4,102.6,0.36,42.48,1.0,77.29,25
Egypt,101.65,95.75,2.58,68.08,1.43,76.65,40
Haiti,101.72,101.72,3.56,22.94,1.72,74.12,18
Jordan,96.83,95.83,3.58,56.17,1.42,73.71,12
Nigeria,99.61,99.61,2.27,24.85,3.81,72.74,144
Eritrea,99.2,99.2,0.0,31.4,1.0,72.63,5
Afghanistan,95.96,95.92,0.02,40.18,0.59,71.21,49
El Salvador,97.36,97.36,9.39,13.64,2.58,71.06,33
Indonesia,93.04,90.83,3.74,46.57,2.42,69.8,379
State of Palestine,86.0,86.0,2.0,85.0,1.0,69.05,1
Trinidad and Tobago,94.5,94.5,3.5,21.75,0.75,68.89,8
Rwanda,93.54,93.54,1.46,22.08,3.62,68.08,13
Singapore,91.0,91.0,4.0,29.0,1.0,67.25,1
Israel,87.4,87.4,6.15,47.36,1.57,66.92,46
Jamaica,90.67,90.67,3.33,20.0,1.0,66.02,6
Saint Kitts and Nevis,90.0,90.0,0.0,25.0,1.0,65.55,1
Algeria,88.17,80.25,9.33,47.17,1.92,65.55,12
Syrian Arab Republic,86.93,83.53,0.73,53.0,1.0,65.29,15
Mexico,89.54,89.29,4.93,16.82,1.75,65.11,588
Viet Nam,87.05,82.48,2.63,46.23,2.37,64.7,60
Lesotho,89.6,89.6,2.8,14.0,2.8,64.68,5
Congo,87.58,87.58,0.33,23.83,2.58,63.87,12
Chile,87.85,87.06,8.59,10.05,3.8,63.74,81
Uganda,85.32,85.32,0.68,20.25,2.65,61.98,63
Malaysia,81.62,80.81,2.34,36.5,2.23,61.0,125
Kyrgyzstan,81.54,81.54,0.23,38.62,0.46,61.0,13
Angola,83.93,81.93,1.89,22.7,3.15,60.86,27
Mali,83.16,83.16,0.4,20.64,1.04,60.39,25
Guatemala,80.95,80.95,6.84,11.16,2.33,58.92,121
Saint Lucia,79.0,79.0,0.0,26.0,0.0,57.9,1
Sudan,78.86,78.86,0.18,25.64,1.29,57.86,28
Ethiopia,78.73,78.73,0.05,21.61,0.98,57.33,82
Gabon,78.1,78.1,0.1,24.3,1.5,57.19,10
Venezuela (Bolivarian Republic of),77.72,77.72,3.87,17.52,1.28,56.8,90
Niger,75.69,75.69,0.76,30.97,1.52,56.27,29
Namibia,76.88,75.71,0.0,20.47,0.41,55.53,17
Lebanon,72.0,72.0,2.5,46.5,1.33,55.49,6
Chad,75.33,75.33,0.15,19.21,1.58,54.76,33
Kenya,74.17,74.03,1.03,21.3,2.37,54.28,60
Slovenia,70.88,69.88,1.31,40.56,1.13,53.62,16
Barbados,73.0,73.0,0.0,24.0,0.0,53.5,1
Somalia,72.06,72.06,0.0,21.5,0.17,52.6,18
Albania,68.25,68.09,0.72,42.06,1.0,52.09,32
Serbia,67.99,67.64,0.85,40.56,1.02,51.72,89
Greece,68.29,65.4,2.21,43.2,1.13,51.64,104
Tunisia,70.91,58.7,1.75,53.05,1.11,51.6,44
Slovakia,67.53,67.34,0.79,40.02,1.0,51.38,62
Republic of North Macedonia,66.78,66.78,0.2,41.8,1.0,51.01,46
Panama,68.44,68.44,5.59,18.04,1.78,50.64,27
Cameroon,69.02,69.02,0.42,17.05,2.33,50.2,64
Benin,67.11,67.11,0.81,19.93,1.56,49.17,27
Montenegro,64.75,64.75,0.25,33.25,1.0,48.74,4
Hungary,63.61,62.54,1.21,40.9,1.0,48.53,142
Colombia,66.07,66.02,3.4,9.78,1.7,47.8,250
Togo,65.16,65.16,0.47,19.32,1.32,47.68,19
Sri Lanka,63.52,63.52,1.02,23.54,0.54,47.0,46
Cuba,63.07,61.87,1.87,24.82,0.93,46.6,98
Italy,62.0,56.31,2.35,43.82,1.13,46.49,979
Czechia,60.91,60.62,1.79,35.65,0.94,46.43,127
Burundi,62.69,62.69,0.69,21.38,2.62,46.26,13
Central African Republic,64.17,64.17,0.0,12.23,2.0,46.24,30
Bosnia and Herzegovina,60.56,60.08,0.17,36.56,1.0,45.98,36
Ghana,62.79,62.79,0.5,18.0,1.29,45.89,58
Honduras,63.43,63.43,2.25,10.79,1.25,45.88,28
Guinea,62.48,62.48,0.1,17.95,1.19,45.6,21
Kazakhstan,61.21,57.52,0.45,35.8,1.01,45.44,71
United States of America,59.74,58.05,8.54,27.62,1.46,45.43,2872
Philippines,61.2,61.05,1.2,22.32,0.97,45.25,337
Azerbaijan,58.76,57.5,0.0,37.29,1.0,44.53,38
Costa Rica,58.82,58.82,6.92,12.45,1.5,43.53,38
Croatia,57.94,52.9,0.61,42.68,1.03,43.46,31
South Sudan,60.33,60.33,0.0,10.42,1.25,43.34,12
Switzerland,55.22,55.03,1.6,30.81,1.01,41.97,116
Bulgaria,54.26,51.12,0.71,40.77,1.03,41.28,65
Romania,53.93,51.27,0.53,40.25,1.0,41.11,211
Austria,53.72,52.35,1.1,35.97,0.94,41.0,68
Monaco,56.0,42.0,1.0,56.0,1.0,40.8,1
Armenia,53.64,52.59,0.09,34.36,0.86,40.72,22
Republic of Moldova,52.96,49.79,0.04,43.07,1.0,40.48,28
France,53.34,51.46,2.64,30.5,1.01,40.27,802
Thailand,53.58,53.44,0.91,23.0,0.62,39.93,246
,54.01,48.9,1.91,33.0,0.94,39.91,427
Poland,52.46,49.25,1.46,33.99,0.94,39.43,389
Mongolia,53.4,48.4,0.0,33.3,0.9,39.26,10
Côte d'Ivoire,53.28,53.28,0.36,16.27,1.4,39.05,67
Turkey,51.67,45.71,0.35,40.55,0.9,38.53,241
Burkina Faso,51.59,51.59,0.44,19.06,1.15,38.14,34
Japan,51.72,41.5,3.51,39.63,1.16,37.69,702
Malta,51.36,39.82,0.82,49.73,1.0,37.64,11
Ukraine,51.05,43.68,0.68,37.95,1.0,37.47,219
Germany,48.25,46.23,1.99,35.52,0.82,37.06,1345
Cyprus,50.83,35.33,0.17,50.67,1.0,36.07,6
Nicaragua,47.97,47.95,1.57,16.38,1.0,35.5,37
Malawi,47.33,47.24,0.0,20.67,0.81,35.21,21
Morocco,45.37,43.74,3.95,29.58,1.16,34.88,19
Belgium,44.58,44.51,3.24,30.13,0.93,34.73,284
Luxembourg,44.5,43.0,1.0,38.0,1.0,34.7,2
Belize,46.33,45.33,0.0,24.0,1.0,34.58,3
Equatorial Guinea,45.25,45.25,0.0,24.0,1.25,34.14,4
Cambodia,45.25,45.25,0.42,21.5,0.58,33.92,12
Guyana,45.5,45.5,0.0,16.75,0.5,33.55,4
Ecuador,45.33,45.26,2.64,10.67,1.15,33.23,66
Brazil,44.57,44.02,2.27,12.48,1.0,32.68,1562
Sierra Leone,44.2,44.07,0.07,16.0,1.13,32.57,15
Lao People's Democratic Republic,43.5,43.5,0.63,19.25,0.63,32.5,8
Suriname,43.33,43.33,0.0,19.0,0.67,32.27,3
Botswana,43.58,42.32,0.42,20.37,0.84,32.27,19
Zimbabwe,43.74,42.74,0.44,18.07,1.3,32.26,27
Canada,43.26,38.91,2.58,27.28,1.06,32.15,141
Mauritius,41.0,40.61,0.0,28.22,0.28,31.42,18
Paraguay,42.77,42.77,0.92,12.35,1.23,31.37,26
Russian Federation,42.51,34.51,1.11,34.13,1.04,30.99,1241
Georgia,40.6,35.85,0.0,33.8,0.95,30.42,20
Zambia,40.67,39.95,0.1,20.19,0.69,30.32,42
Ireland,40.23,34.97,0.81,33.55,0.81,30.1,31
Latvia,39.91,35.77,0.23,32.91,1.05,30.07,22
Myanmar,40.17,39.0,0.2,22.05,0.44,30.03,59
United Kingdom of Great Britain and Northern Ireland,39.52,35.99,3.47,27.63,0.72,29.92,400
Netherlands,38.14,35.11,2.51,31.84,0.66,29.38,298
Lithuania,38.13,33.39,0.16,33.74,0.84,28.71,38
Liberia,38.0,37.56,0.0,18.0,0.67,28.3,9
Spain,38.46,30.22,1.83,31.41,0.81,27.9,425
Mozambique,36.83,36.22,0.04,22.35,0.57,27.87,23
Belarus,38.45,28.59,0.32,33.45,0.91,27.4,22
Estonia,38.83,28.08,1.25,31.75,1.17,27.38,12
Denmark,38.02,27.4,0.55,35.83,0.5,27.12,60
Cabo Verde,38.0,27.0,0.0,38.0,0.0,27.1,2
Peru,36.43,36.09,1.18,12.0,0.71,26.81,128
Comoros,33.0,32.0,0.0,27.33,0.0,25.53,3
Finland,38.37,21.63,1.86,31.69,1.07,25.34,81
Portugal,34.61,25.44,2.21,31.84,0.62,25.02,153
Australia,33.6,27.36,3.12,22.06,0.21,24.33,85
Sweden,36.16,21.04,0.25,34.69,0.7,24.32,97
United Republic of Tanzania,31.63,31.11,0.07,17.31,0.46,23.75,229
Vanuatu,30.0,30.0,0.0,25.0,0.0,23.5,1
Norway,35.48,18.57,0.29,34.62,0.67,23.3,21
New Zealand,30.73,27.14,0.86,20.91,0.0,22.65,22
Madagascar,30.95,26.31,0.02,21.26,0.42,22.42,65
Andorra,29.33,22.0,0.0,29.33,0.67,21.3,3
Seychelles,26.0,26.0,0.0,25.0,0.0,20.7,1
Argentina,28.24,24.87,1.54,15.49,0.35,20.55,68
Bhutan,26.0,26.0,0.0,21.0,1.0,20.35,2
Uruguay,26.65,21.69,0.85,18.96,0.19,19.2,26
Papua New Guinea,24.87,20.53,0.07,15.73,0.0,17.69,15
Bolivia (Plurinational State of),23.79,23.24,0.21,8.33,0.48,17.38,33
Iceland,23.0,18.33,0.0,23.0,1.0,17.05,3
Maldives,19.0,15.0,0.0,19.0,0.0,14.0,1
Solomon Islands,18.0,6.0,0.0,18.0,0.0,10.8,1
Palau,16.0,7.0,0.0,16.0,0.0,10.1,1
